Milestone,t,theta,r,a,p,P_C
Inflation end,0.05002501250625312,6.3464669839522365,0.8872263657096522,0.013270033226089106,0.16717329512563261,0.9940855654451682
Reheating,0.10905452726363181,1.260568299236939,0.9797124985761385,0.06146793698931039,0.33392284425598856,0.9999999958244759
Baryogenesis,0.1200600300150075,1.0302645296391306,0.9799043282048501,0.07507503749372184,0.3842163293211992,0.9999999981634469
Vacuum settle,0.2681340670335167,0.7002071807492941,0.9799999999645135,0.14893210619239744,0.9411231683447565,0.9999999999412035
Viability threshold,0.04202101050525262,7.462318144003952,0.7997407034965902,0.010377526093914983,0.15575885658145588,0.5474875086044119
