scenario,R_hat,I_s1,C_s1
"Constrained (r,a,p>0; release âˆ roles)",0.5013307605873092,397.19210353551557,413.94616668634046
Ablation: Unbalanced release (all to Soloist),0.4711806853507087,444.953287837719,415.5833307795934
Ablation: Least role = 0 (violates p>0),0.4960452000753244,427.1383076683154,377.0523016898193
