scenario,R_hat,I_at_s1,C_at_s1,manifest_hash
"Constrained (r,a,p>0; release âˆ roles)",0.39888049983577756,202.22433052099865,2594.4910091528077,3b929751fae4
Ablation: Unbalanced release (all to Soloist),0.367454858318725,226.1542637222496,2607.7545626525575,5e53a2663bc5
Ablation: Least role = 0 (violates p>0),0.38740074526405105,212.29672178624077,2334.5712057073547,9100be993792
